{
  "generated": "2025-06-03T11:26:41.519569",
  "summary": {
    "passed": 4,
    "failed": 1,
    "total": 5,
    "collected": 6
  },
  "duration": 2.1523492336273193,
  "tests": [],
  "overall_confidence": 0.0
}