{
  "generated": "2025-06-03T11:23:29.531739",
  "summary": {
    "total": 0,
    "collected": 0
  },
  "duration": 2.197719097137451,
  "tests": [],
  "overall_confidence": 0.0
}